,DOF,nCellu,polyDegu,runtime_e,maxE_e,runtime_i,maxE_i
0,80,2,4,0.7585537999402732,0.00014844282497961103,0.680862299981527,0.00011292039307875257
1,160,4,4,2.080790300038643,1.4045255539940626e-05,1.6108879999956116,3.112593240928163e-06
2,320,8,4,4.988977800006978,3.21403668124276e-07,3.618671300006099,6.402283503348372e-08
3,96,2,5,1.0048827000427991,0.00011621163788788635,0.8428189000114799,5.3179104426703816e-05
4,192,4,5,2.6922392999986187,9.146078191690776e-06,2.100238800048828,6.400705743203616e-07
5,384,8,5,6.352812000084668,1.664822377733799e-07,4.407043199986219,1.8447799732257408e-08
6,112,2,6,1.4084807999897748,5.9244727665941355e-05,1.0771384000545368,2.5221557223176205e-05
7,224,4,6,3.9924543000524864,4.5636497034706736e-06,2.567166999913752,3.5747538618124963e-07
8,448,8,6,8.59236879996024,6.853527168004803e-08,5.832752499962226,1.1057736060138268e-08
