,DOF,nCellu,polyDegu,runtime_e,maxE_e,runtime_i,maxE_i
0,80,2,4,0.7618925000000005,0.00014844282497961103,0.6948314999999994,0.00011292039307875257
1,160,4,4,2.0897106999999977,1.4045255539940626e-05,1.6308346,3.112593240928163e-06
2,320,8,4,5.082414200000002,3.21403668124276e-07,3.7145962000000026,6.402283503348372e-08
3,96,2,5,1.0238847999999905,0.00011621163788788635,0.868787999999995,5.3179104426703816e-05
4,192,4,5,2.7237982000000045,9.146078191690776e-06,2.1159478999999948,6.400705743203616e-07
5,384,8,5,6.422794300000021,1.664822377733799e-07,4.536634700000008,1.8447799732257408e-08
6,112,2,6,1.460987700000004,5.9244727665941355e-05,1.1094802999999729,2.5221557223176205e-05
7,224,4,6,4.011403999999999,4.5636497034706736e-06,2.5885801000000015,3.5747538618124963e-07
8,448,8,6,8.688806,6.853527168004803e-08,5.945233499999972,1.1057736060138268e-08
