,SpeedUp,AvgSpeedUp,DiffMae
0,3.791733796424173,2.0266069108440914,-4.3470999999825014e-10
1,2.1742630341967617,2.0266069108440914,-4.673239573094179e-11
2,0.814932693147944,2.0266069108440914,-4.22062385040176e-12
3,3.5395277600242228,2.0266069108440914,-1.6841283922985895e-10
4,1.8637784344078523,2.0266069108440914,3.462474751358968e-11
5,0.6208609692042341,2.0266069108440914,-1.7621459846850485e-12
6,3.3342528953647665,2.0266069108440914,5.770672828441772e-10
7,1.5476916658058066,2.0266069108440914,2.1316282072803006e-12
8,0.552420949021063,2.0266069108440914,-1.2648214919863676e-08
