,SpeedUp,AvgSpeedUp,DiffMae
0,2.3713075328189475,1.238736200759064,-5.238972999995969e-10
1,1.3373157551763248,1.238736200759064,-4.629896466212813e-11
2,0.4934132188549629,1.238736200759064,-3.630873379734112e-12
3,2.260788220204549,1.238736200759064,-1.6630252730465145e-10
4,1.1036098614614809,1.238736200759064,3.461764208623208e-11
5,0.36215664220828314,1.238736200759064,-1.1723955140008566e-12
6,2.0283950838931193,1.238736200759064,4.5593395725179535e-10
7,0.8815204252469295,1.238736200759064,3.6308733796811724e-12
8,0.3101190669669791,1.238736200759064,-1.5298574851385638e-08
