,SpeedUp,AvgSpeedUp,DiffMae
0,3.8695285103046273,2.070079537367167,-4.3470999999825014e-10
1,2.2011855483923912,2.070079537367167,-4.673239573094179e-11
2,0.8365351904766866,2.070079537367167,-4.22062385040176e-12
3,3.6485883782791553,2.070079537367167,-1.6841283922985895e-10
4,1.8777188880897198,2.070079537367167,3.462474751358968e-11
5,0.639117723369803,2.070079537367167,-1.7621459846850485e-12
6,3.4343663752381124,2.070079537367167,5.770672828441772e-10
7,1.5606011791112,2.070079537367167,2.1316282072803006e-12
8,0.5630740430428122,2.070079537367167,-1.2648214919863676e-08
