,Linear,Langmuir,SMA
LRM,9.389156592959829,9.56444010460766,2.0266069108440914
LRMP,2.423842209950817,1.8596560425104087,2.845664792320116
GRM,3.501058056276117,2.152733765206658,1.8290119508290805
