,Linear,Langmuir,SMA
LRM,9.210492185433507,7.855252148730857,1.238736200759064
LRMP,8.291130134917495,7.112667362329925,8.927902908887239
GRM,10.63648102940536,7.716294028172943,7.571072913259274
