,Linear,Langmuir,SMA
LRM,8.81397657214114,9.365650853738872,2.070079537367167
LRMP,2.367105437424052,1.8857032043012605,2.918086648085412
GRM,3.518561444467526,2.386622713064161,1.967057465101922
